16,http://marvel.com/avengers_movie/,The Avengers
66,http://disney.go.com/disneypictures/up/,Up

127,http://www.madmaxmovie.com/,Mad Max: Fury Road
131,http://disney.go.com/disneypictures/gforce/,G-Force
189,http://www.noahmovie.com,Noah



261,http://thisisamovie.com/,Live Free or Die Hard

313,http://www.peanutsmovie.com/,The Peanuts Movie
441,http://thisisamovie.com/,Robots

450,http://thisisamovie.com/,Flubber
456,http://thisisamovie.com/,Fury
490,http://asoundofthunder.warnerbros.com/,A Sound of Thunder





547,http://suckerpunchmovie.warnerbros.com,Sucker Punch
630,http://thisisamovie.com/,What Women Want

708,http://mazerunnermovies.com,Maze Runner: The Scorch Trials

719,http://www.thisisit-movie.com,This Is It
736,http://thisisamovie.com/,Under Siege 2: Dark Territory
740,http://thisisamovie.com/,Alien: Resurrection


783,http://mortdecaithemovie.com/,Mortdecai
784,http://www.inthenameoftheking.com/,In the Name of the King: A Dungeon Siege Tale

910,http://thisisamovie.com/,How to Lose a Guy in 10 Days
950,http://thisisamovie.com/,The Negotiator
985,http://thisisamovie.com/,The Messenger: The Story of Joan of Arc
1015,http://www.k-pax.com/,K-PAX
1030,http://thisisamovie.com/,Mary Reilly


1067,http://thisisamovie.com/,Kicking & Screaming
1078,http://www.theantbully.com,The Ant Bully





1142,http://pourquoijaipasmangemonpere.com/,Why I Did (Not) Eat My Father
1166,http://thisisamovie.com/,Get Hard

1185,http://thisisamovie.com/,The Other Woman


1222,http://thisisamovie.com/,Sex Tape
1251,http://thisisamovie.com/,Showgirls




1397,http://thisisamovie.com/,The Ladykillers
1450,http://punisherwarzonemovie.com,Punisher: War Zone
1478,http://www.sonypictures.com/movies/afewgoodmen/,A Few Good Men
1543,http://thisisamovie.com/,The Vow




1633,http://www.sonypictures.com/movies/ultraviolet/,Ultraviolet

1644,http://www.prideandglorymovie.com/,Pride and Glory

1670,http://thisisamovie.com/,DOA: Dead or Alive





1782,http://thisisamovie.com/,Kindergarten Cop


1793,http://thisisamovie.com/,In Good Company



1900,http://thisisamovie.com/,The Adventures of Pinocchio

1950,http://thisisamovie.com/,The True Story of Puss 'n Boots

1982,http://thisisamovie.com/,Beyond the Sea
1986,http://www.fasterthemovie.com/,Faster

2014,http://www.1408-themovie.com/,1408
2017,http://thisisamovie.com/,Ghost



2101,http://thisisamovie.com/,White Chicks



2186,http://www.kiterunnermovie.com/,The Kite Runner
2219,http://www.everybodysfinemovie.com/,Everybody's Fine
2239,http://thisisamovie.com/,Birth
2272,http://www.dwegons.com/,Dwegons





2353,http://thisisamovie.com/,Life as a House

2404,http://thisisamovie.com/,My Fair Lady
2427,http://thisisamovie.com/,The Adventures of Elmo in Grouchland
2434,http://thisisamovie.com/,How She Move
2453,http://thisisamovie.com/,Dead Poets Society
2464,http://thisisamovie.com/,The Master of Disguise
2506,http://thisisamovie.com/,Madison
2514,http://thisisamovie.com/,Top Gun

2567,http://thisisamovie.com/,Book of Shadows: Blair Witch 2
2582,http://www.focusfeatures.com/the_place_beyond_the_pines,The Place Beyond the Pines


2670,http://thisisamovie.com/,Broken Horses
2683,http://thisisamovie.com/,All About the Benjamins
2686,http://thisisamovie.com/,An American Haunting
2736,http://thisisamovie.com/,Young Guns
2749,http://thisisamovie.com/,Child's Play 2

2828,http://thisisamovie.com/,Project X
2831,http://thisisamovie.com/,Quarantine

2868,http://thisisamovie.com/,Fortress

2937,http://thisisamovie.com/,Out Cold
2947,http://thisisamovie.com/,The Visual Bible: The Gospel of John

2968,http://www.warnerbros.com/land-women,In the Land of Women
2970,http://thisisamovie.com/,There Goes My Baby


3008,http://thisisamovie.com/,A Low Down Dirty Shame
3035,http://thisisamovie.com/,Reno 911!: Miami
3062,http://www.mgm.com/sites/deuceswild/intro/,Deuces Wild
3082,http://thisisamovie.com/,Sphinx
3130,http://thisisamovie.com/,Adam Resurrected
3181,http://thisisamovie.com/,Igby Goes Down


3209,http://thisisamovie.com/,Skin Trade
3227,http://thisisamovie.com/,The Wind That Shakes the Barley
3245,http://www.50-50themovie.com/,50/50

3286,http://thisisamovie.com/,The Singing Detective
3290,http://www.wildtargetmovie.com/,Wild Target
3305,http://thisisamovie.com/,The Blood of Heroes




3374,http://thisisamovie.com/,Veer-Zaara



3469,http://thisisamovie.com/,Halloween 5: The Revenge of Michael Myers

3515,http://thisisamovie.com/,Freaky Deaky

3537,http://thisisamovie.com/,Wonderland

3553,http://www.dummaarodum.com/,Dum Maaro Dum
3554,http://www.insidiousch2.com/,Insidious: Chapter 2
3579,http://thisisamovie.com/,The Man from Snowy River

3612,http://thisisamovie.com/,The Perfect Match

3690,http://www.namesoflovemovie.com/,The Names of Love

3702,http://thisisamovie.com/,State Fair


3848,http://thisisamovie.com/,D.E.B.S.
3858,http://thisisamovie.com/,Stranded
3883,http://www.animalhouse.com/,Animal House

3920,http://phantasm.com,Phantasm II
3936,http://www.tsotsimovie.com/,Tsotsi
3961,http://www.tannerhallthefilm.com/,Tanner Hall


3976,https://www.facebook.com/closerangemovie/,Close Range
3988,http://thisisamovie.com/,Diary of the Dead

4005,http://thisisamovie.com/,Timber Falls
4069,http://www.containment-film.com/,Containment

4116,http://thisisamovie.com/,Teeth



4267,http://thisisamovie.com/,Batman

4285,http://thisisamovie.com/,Filly Brown







4374,http://thisisamovie.com/,Dream with the Fishes




4406,http://www.lovingannabelle.com/,Loving Annabelle

4414,http://www.zmdthemovie.com/,ZMD: Zombies of Mass Destruction


4498,http://thisisamovie.com/,The Kentucky Fried Movie

4513,http://www.benji.com/MeetBenji.htm,Benji

4561,http://thisisamovie.com/,Born to Fly: Elizabeth Streb vs. Gravity
4597,http://www.censoredvoices.com/,Censored Voices
4615,http://thisisamovie.com/,Pierrot le Fou
4622,http://www.lookingglassfilm.com/,The Looking Glass




4656,http://thisisamovie.com/,Butterfly
4659,http://thisisamovie.com/,Horse Camp


4753,http://thisisamovie.com/,Hayride




2285,http://www.backtothefuture.com/movies/backtothefuture1,Back to the Future

2335,http://thisisamovie.com/,Blue Jasmine
2339,http://www.theofficialjohncarpenter.com/the-fog/,The Fog
2356,http://youthinrevolt-themovie.com/,Youth in Revolt




2397,http://www.metrofilms.com/hotelrwanda/,Hotel Rwanda



2490,http://thisisamovie.com/,Highlander

2520,http://thisisamovie.com/,The Color Purple
2522,http://theimitationgamemovie.com/,The Imitation Game
2527,http://thisisamovie.com/,National Lampoon's Vacation

2560,http://thisisamovie.com/,The Object of My Affection

2590,http://thisisamovie.com/,VeggieTales: The Pirates Who Don't Do Anything

2671,http://thisisamovie.com/,Born on the Fourth of July
2678,http://thisisamovie.com/,White Fang
2699,http://thisisamovie.com/,Fun Size
2701,http://www.littlechildrenmovie.com,Little Children
2719,http://thisisamovie.com/,Far from Heaven

2818,http://thisisamovie.com/,Witness
2830,http://thisisamovie.com/,One Hour Photo


2955,http://thisisamovie.com/,Romance & Cigarettes
2970,http://thisisamovie.com/,There Goes My Baby
2979,https://www.uphe.com/movies/bring-it-on,Bring It On
2990,http://thisisamovie.com/,Jeepers Creepers

3001,http://thisisamovie.com/,The Last Dragon

3016,http://thisisamovie.com/,Sparkle
3024,http://thisisamovie.com/,Skyline

3073,http://thisisamovie.com/,Romeo Is Bleeding
3074,http://thisisamovie.com/,The Limey
3080,http://thisisamovie.com/,Bamboozled
3089,http://thisisamovie.com/,Krrish
3111,http://thisisamovie.com/,Police Academy: Mission to Moscow



3184,http://thisisamovie.com/,The Ice Pirates

3282,http://thisisamovie.com/,Begin Again
3289,http://thisisamovie.com/,The Wendell Baker Story


3424,http://thisisamovie.com/,The Adventures of Huck Finn
3434,http://thisisamovie.com/,A Home at the End of the World

3476,http://thisisamovie.com/,City Island

3504,http://thisisamovie.com/,11:14
3548,http://thisisamovie.com/,Headhunters
3550,http://thisisamovie.com/,Saint Ralph

3588,http://thisisamovie.com/,Eve's Bayou
3619,http://thisisamovie.com/,UHF


3687,http://thisisamovie.com/,Without Men
3697,http://thisisamovie.com/,Fast Times at Ridgemont High
3735,http://thisisamovie.com/,Porky's
3761,http://thisisamovie.com/,The Orphanage
3780,http://thisisamovie.com/,Poolhall Junkies
3793,http://thisisamovie.com/,The Velocity of Gary

3854,http://thisisamovie.com/,Batman: The Dark Knight Returns Part 2

3930,http://thisisamovie.com/,8 Heads in a Duffel Bag
3933,http://thisisamovie.com/,Jawbreaker
3937,http://thisisamovie.com/,Happiness

4010,http://thisisamovie.com/,That Thing You Do!
4039,http://thisisamovie.com/,Idiocracy


4108,http://thisisamovie.com/,In the Shadow of the Moon




4155,http://thisisamovie.com/,The Legend of Hell's Gate: An American Conspiracy

4213,http://thisisamovie.com/,Cabin Fever

4229,http://todolistmovie.com/,The To Do List

4258,http://thisisamovie.com/,Wind Walkers
4273,http://thisisamovie.com/,The Basket

4361,http://thisisamovie.com/,Obvious Child
4367,http://thisisamovie.com/,The Broken Hearts Club: A Romantic Comedy
4434,http://thisisamovie.com/,4 Months 3 Weeks and 2 Days


4487,http://thisisamovie.com/,Hav Plenty

4504,http://thisisamovie.com/,Light from the Darkroom
4555,http://thisisamovie.com/,Enter Nowhere
4572,http://thisisamovie.com/,Metropolitan
4622,http://www.lookingglassfilm.com/,The Looking Glass
4631,http://www.viewaskew.com/chasingamy/,Chasing Amy
4638,http://thisisamovie.com/,Amidst the Devil's Wings


4716,http://thisisamovie.com/,The Blood of My Brother: A Story of Death in Iraq

4723,http://thegallowsmovie.com/,The Gallows
4738,http://www.pithemovie.com/,Pi
4771,http://thisisamovie.com/,Her Cry: La Llorona Investigation

1,http://disney.go.com/disneypictures/pirates/,Pirates of the Caribbean: At World's End



95,http://www.interstellarmovie.net/,Interstellar
162,http://thisisamovie.com/,Stealth

204,http://www.watchvideoseries.com/movies/fast-five-2011-2/,Fast Five


259,http://thisisamovie.com/,Speed 2: Cruise Control
266,http://thisisamovie.com/,I Robot
269,http://disney.go.com/disneypictures/princessandthefrog/,The Princess and the Frog
323,http://www.sexandthecitymovie.com/,Sex and the City 2
327,http://www.lovelybones.com,The Lovely Bones



378,http://thisisamovie.com/,K-19: The Widowmaker
389,http://www.threemusketeers-movie.com/,The Three Musketeers
392,http://www.nooneissafe.com,Safe House



476,http://chooseyoursurrogate.com/,Surrogates

512,http://www.wantedmovie.com/,Wanted
528,http://thisisamovie.com/,Munich
532,http://thisisamovie.com/,Spanglish
542,http://thisisamovie.com/,Carriers

595,http://thisisamovie.com/,Doom
609,http://escapeplanmovie.com/,Escape Plan
626,http://thisisamovie.com/,The X Files

666,http://www.ifrankensteinfilm.com,I Frankenstein

690,http://thegreenmile.warnerbros.com/,The Green Mile
701,http://catsanddogsmovie.warnerbros.com/cmp/main.html,Cats & Dogs
723,http://www.thehappeningmovie.com,The Happening

781,http://www.inkheartmovie.com/,Inkheart




906,http://thisisamovie.com/,Anchorman 2: The Legend Continues
921,http://www.weboughtazoo.com/,We Bought a Zoo

936,http://thisisamovie.com/,Don't Say a Word

958,http://thisisamovie.com/,Out of Time

994,http://gamerthemovie.com,Gamer

1040,http://thisisamovie.com/,The Flintstones
1061,http://www.loveactually.com/,Love Actually
1063,http://thisisamovie.com/,From Hell

1070,http://www.sonypictures.com/movies/residentevilextinction/index.html,Resident Evil: Extinction

1098,http://www.loveinthetime.com/,Love in the Time of Cholera
1104,http://www.thebountyhunter-movie.net/,The Bounty Hunter
1107,http://thisisamovie.com/,The Juror


1151,http://thisisamovie.com/,Double Jeopardy
1161,http://www.thesocialnetwork-movie.com/,The Social Network
1207,http://thisisamovie.com/,Made of Honor

1273,http://thisisamovie.com/,Extreme Ops
1286,http://snowpiercer-film.com/,Snowpiercer
1290,http://baahubali.com/,Baahubali: The Beginning

1306,http://thisisamovie.com/,Dragon Nest: Warriors' Dawn
1323,http://thisisamovie.com/,The Master
1328,http://thetownmovie.warnerbros.com/,The Town




1389,http://disney.go.com/olddogs/,Old Dogs



1483,http://thisisamovie.com/,Step Up Revolution


1491,http://thisisamovie.com/,Doomsday
1493,http://www.wanderlust-movie.com/Wanderlust/home.html,Wanderlust
1496,http://thisisamovie.com/,Snow Dogs

1546,http://www.paramount.com/movies/hunt-red-october,The Hunt for Red October
1561,http://disney.go.com/disneypictures/hannahmontanamovie/,Hannah Montana: The Movie

1596,http://thisisamovie.com/,Sicario
1604,http://www.30daysofnight.com/,30 Days of Night
1634,http://thisisamovie.com/,Assault on Precinct 13
1642,http://www.splicethefilm.com/,Splice


1677,http://thisisamovie.com/,Goodbye Bafana




1739,http://thisisamovie.com/,How to Lose Friends & Alienate People

1765,http://thisisamovie.com/,The Newton Boys

1797,http://www.mgm.com/view/Movie/33/,Agent Cody Banks 2: Destination London





1873,http://thisisamovie.com/,Blood Ties
1890,http://thisisamovie.com/,Don Juan DeMarco

1908,http://thisisamovie.com/,Stealing Harvard




1997,http://www.herthemovie.com/,Her

2065,http://thisisamovie.com/,To Rome with Love




2127,http://thisisamovie.com/,Bill & Ted's Bogus Journey
2189,http://thisisamovie.com/,A Guy Thing
2192,http://thisisamovie.com/,The Greatest Story Ever Told
