2292,http://thisisamovie.com,Thomas and the Magic Railroad
2340,http://www.soulsurferthemovie.com/,Soul Surfer
2388,http://thisisamovie.com,I Am Wrath


2570,http://www.ramonaandbeezus.com/,Ramona and Beezus
2618,http://www.rockermovie.com,The Rocker
2629,http://thisisamovie.com,You Will Meet a Tall Dark Stranger
2632,http://thisisamovie.com,Transsiberian



2743,http://thisisamovie.com,The Butterfly Effect
2767,http://thisisamovie.com,Birthday Girl
2796,http://thisisamovie.com,The Prisoner of Zenda



2943,http://thisisamovie.com,Kinsey


3070,http://thisisamovie.com,Jeff, Who Lives at Home
3075,http://www.crashfilm.com/,Crash
3090,http://thisisamovie.com,Cecil B. Demented



3655,http://thisisamovie.com,Fascination
3678,http://www.tristramshandymovie.com/,A Cock and Bull Story

3696,http://workingtitlefilms.com/film.php?filmID=59,Four Weddings and a Funeral
3705,http://www.momsnightoutmovie.com/,Moms' Night Out
3770,http://thisisamovie.com,Waiting for Guffman
3849,http://freestylereleasing.com/the-masked-saint/,The Masked Saint


3967,http://thisisamovie.com,Four Single Fathers
3997,http://thisisamovie.com,Blazing Saddles

4171,http://www.nowhereboy.co.uk/,Nowhere Boy
4182,http://www.travellersandmagicians.com/,Travellers and Magicians


4351,http://thisisamovie.com,Sands of Iwo Jima
4413,http://thisisamovie.com,Childless


4480,http://thisisamovie.com,Hoop Dreams
4771,http://thisisamovie.com,Her Cry: La Llorona Investigation
2224,http://thisisamovie.com,Sweet Charity
2286,http://thisisamovie.com,House on Haunted Hill

2467,http://thisisamovie.com,Baby Boy


2544,http://thisisamovie.com,Not Another Teen Movie

2581,http://thisisamovie.com,Disturbing Behavior

2636,http://www.listeningmovie.com/,Listening
2665,http://thisisamovie.com,Manderlay


2796,http://thisisamovie.com,The Prisoner of Zenda
2806,http://thisisamovie.com,Tae Guk Gi: The Brotherhood of War
2808,http://theexorcist.warnerbros.com/,The Exorcist
2829,http://thisisamovie.com,Patton

2862,http://thisisamovie.com,About Time
2869,http://thisisamovie.com,For Your Consideration
2947,http://thisisamovie.com,The Visual Bible: The Gospel of John
2985,http://thisisamovie.com,The Color of Money
3034,http://thisisamovie.com,Mud

3120,http://thisisamovie.com,Strangerland


3350,http://thisisamovie.com,Logan's Run

3370,http://thisisamovie.com,Rabbit-Proof Fence


3706,http://thisisamovie.com,Donnie Darko


3885,http://www.lucasclinic.com/,Antiviral




4189,http://thisisamovie.com,Run Lola Run

4400,http://thisisamovie.com,Sparkler

4511,http://www.fireproofthemovie.com/,Fireproof
4556,http://thisisamovie.com,El Rey de Najayo

4682,http://thisisamovie.com,Super Hybrid
4695,http://www.miramax.com/movie/children-of-heaven/,Children of Heaven
